,chain,residue_number,residue_type,sasa_total,sasa_side_chain,relative_side_chain,poi
0,A,5,GLU,197.77,134.56,1.018,fel d 1
7,A,12,ASP,75.48,67.55,0.672,fel d 1
17,A,22,GLU,99.41,95.68,0.724,fel d 1
21,A,26,ASP,36.59,36.06,0.359,fel d 1
31,A,36,GLU,132.37,128.28,0.97,fel d 1
33,A,38,GLU,4.66,4.66,0.035,fel d 1
42,A,47,ASP,62.75,62.0,0.617,fel d 1
46,A,51,GLU,100.1,61.51,0.465,fel d 1
55,A,60,ASP,10.17,8.69,0.086,fel d 1
67,A,72,ASP,101.99,71.04,0.707,fel d 1
69,A,93,GLU,139.77,105.43,0.798,fel d 1
77,A,101,ASP,7.46,7.46,0.074,fel d 1
79,A,103,ASP,34.85,34.85,0.347,fel d 1
87,A,111,ASP,92.69,89.04,0.886,fel d 1
88,A,112,GLU,91.83,86.5,0.654,fel d 1
91,A,115,GLU,123.27,115.87,0.877,fel d 1
104,A,128,GLU,110.91,105.56,0.799,fel d 1
114,A,138,ASP,42.48,23.66,0.235,fel d 1
119,A,143,GLU,156.64,146.62,1.109,fel d 1
120,A,144,GLU,105.06,102.22,0.773,fel d 1
121,A,145,ASP,7.1,6.79,0.068,fel d 1
123,A,147,GLU,119.53,109.86,0.831,fel d 1
130,A,154,ASP,79.73,79.11,0.787,fel d 1
140,A,164,GLU,184.07,117.62,0.89,fel d 1
141,B,5,GLU,200.8,131.51,0.995,fel d 1
148,B,12,ASP,75.5,68.15,0.678,fel d 1
158,B,22,GLU,98.21,94.3,0.713,fel d 1
162,B,26,ASP,35.34,34.99,0.348,fel d 1
172,B,36,GLU,121.9,117.94,0.892,fel d 1
174,B,38,GLU,5.12,5.12,0.039,fel d 1
183,B,47,ASP,58.39,57.78,0.575,fel d 1
187,B,51,GLU,111.43,72.33,0.547,fel d 1
196,B,60,ASP,10.6,9.15,0.091,fel d 1
208,B,72,ASP,99.85,68.9,0.686,fel d 1
211,B,93,GLU,138.35,106.74,0.808,fel d 1
219,B,101,ASP,7.79,7.79,0.078,fel d 1
221,B,103,ASP,34.43,34.43,0.343,fel d 1
229,B,111,ASP,90.83,88.17,0.878,fel d 1
230,B,112,GLU,90.09,84.79,0.641,fel d 1
233,B,115,GLU,122.09,115.96,0.877,fel d 1
246,B,128,GLU,113.5,107.5,0.813,fel d 1
256,B,138,ASP,47.75,29.5,0.294,fel d 1
261,B,143,GLU,156.79,148.15,1.121,fel d 1
262,B,144,GLU,105.63,102.42,0.775,fel d 1
263,B,145,ASP,8.48,8.04,0.08,fel d 1
265,B,147,GLU,119.72,108.74,0.823,fel d 1
272,B,154,ASP,77.21,76.81,0.765,fel d 1
282,B,164,GLU,127.91,61.96,0.469,fel d 1
43,A,43,ASP,14.52,14.52,0.144,pru p 3
135,B,43,ASP,34.06,34.06,0.339,pru p 3
29,A,200,ASP,29.59,9.3,0.093,ara h 1
47,A,218,GLU,59.64,58.81,0.445,ara h 1
60,A,231,ASP,28.32,26.25,0.261,ara h 1
62,A,233,ASP,18.4,18.4,0.183,ara h 1
88,A,259,ASP,55.78,55.52,0.553,ara h 1
89,A,260,GLU,85.26,78.83,0.596,ara h 1
108,A,279,ASP,78.41,65.14,0.648,ara h 1
128,A,299,GLU,97.33,97.33,0.736,ara h 1
129,A,300,ASP,27.49,10.24,0.102,ara h 1
137,A,308,ASP,50.51,15.86,0.158,ara h 1
151,A,322,GLU,61.86,56.52,0.428,ara h 1
157,A,328,GLU,116.18,114.27,0.865,ara h 1
160,A,331,GLU,96.75,89.62,0.678,ara h 1
167,A,338,GLU,86.64,78.25,0.592,ara h 1
168,A,339,GLU,81.76,80.39,0.608,ara h 1
171,A,362,GLU,58.82,58.21,0.44,ara h 1
180,A,371,GLU,108.85,105.15,0.795,ara h 1
183,A,374,GLU,126.04,117.41,0.888,ara h 1
184,A,375,GLU,106.82,92.44,0.699,ara h 1
192,A,391,GLU,104.29,57.92,0.438,ara h 1
194,A,393,ASP,108.53,97.36,0.969,ara h 1
203,A,402,GLU,133.12,108.89,0.824,ara h 1
205,A,404,GLU,155.18,135.44,1.025,ara h 1
207,A,406,ASP,85.27,52.17,0.519,ara h 1
217,A,416,GLU,24.49,4.28,0.032,ara h 1
221,A,420,ASP,41.86,41.53,0.413,ara h 1
229,A,428,ASP,122.0,82.79,0.824,ara h 1
231,A,430,ASP,47.08,46.83,0.466,ara h 1
238,A,437,GLU,28.82,27.91,0.211,ara h 1
241,A,440,GLU,126.25,103.52,0.783,ara h 1
267,A,466,GLU,60.13,60.06,0.454,ara h 1
274,A,473,GLU,88.48,35.41,0.268,ara h 1
278,A,496,GLU,21.91,17.32,0.131,ara h 1
288,A,506,GLU,87.77,73.8,0.558,ara h 1
290,A,508,ASP,0.0,0.0,0.0,ara h 1
307,A,525,GLU,72.82,66.92,0.506,ara h 1
318,A,536,GLU,98.46,97.41,0.737,ara h 1
328,A,546,ASP,83.27,70.06,0.697,ara h 1
330,A,548,ASP,73.73,47.18,0.47,ara h 1
334,A,552,ASP,61.11,50.68,0.504,ara h 1
337,A,555,GLU,137.09,128.92,0.975,ara h 1
342,A,560,ASP,57.65,46.96,0.467,ara h 1
350,A,568,GLU,124.72,117.68,0.89,ara h 1
353,A,571,GLU,60.42,59.23,0.448,ara h 1
361,A,579,GLU,99.37,96.46,0.73,ara h 1
397,B,200,ASP,30.65,10.5,0.105,ara h 1
415,B,218,GLU,60.55,59.87,0.453,ara h 1
428,B,231,ASP,26.69,24.12,0.24,ara h 1
430,B,233,ASP,18.6,18.6,0.185,ara h 1
456,B,259,ASP,59.73,59.68,0.594,ara h 1
457,B,260,GLU,110.23,97.96,0.741,ara h 1
476,B,279,ASP,105.43,95.64,0.952,ara h 1
496,B,299,GLU,97.69,97.69,0.739,ara h 1
497,B,300,ASP,26.18,8.45,0.084,ara h 1
505,B,308,ASP,64.83,29.59,0.294,ara h 1
519,B,322,GLU,68.43,63.66,0.482,ara h 1
525,B,328,GLU,119.44,117.41,0.888,ara h 1
528,B,331,GLU,95.18,86.28,0.653,ara h 1
543,B,371,GLU,78.05,63.59,0.481,ara h 1
546,B,374,GLU,65.4,52.23,0.395,ara h 1
547,B,375,GLU,67.84,52.25,0.395,ara h 1
555,B,389,GLU,128.39,68.53,0.518,ara h 1
556,B,390,GLU,85.68,59.0,0.446,ara h 1
557,B,391,GLU,72.54,64.81,0.49,ara h 1
559,B,393,ASP,109.97,94.38,0.939,ara h 1
568,B,402,GLU,132.62,104.04,0.787,ara h 1
570,B,404,GLU,163.43,143.21,1.083,ara h 1
572,B,406,ASP,82.56,47.77,0.475,ara h 1
582,B,416,GLU,25.08,4.94,0.037,ara h 1
586,B,420,ASP,33.89,33.89,0.337,ara h 1
594,B,428,ASP,127.3,88.29,0.879,ara h 1
596,B,430,ASP,47.39,46.91,0.467,ara h 1
603,B,437,GLU,23.62,21.1,0.16,ara h 1
606,B,440,GLU,66.44,43.27,0.327,ara h 1
632,B,466,GLU,58.33,58.27,0.441,ara h 1
639,B,473,GLU,150.62,130.87,0.99,ara h 1
642,B,496,GLU,53.27,49.84,0.377,ara h 1
652,B,506,GLU,95.2,76.07,0.575,ara h 1
654,B,508,ASP,5.71,5.71,0.057,ara h 1
671,B,525,GLU,97.63,89.99,0.681,ara h 1
682,B,536,GLU,97.29,96.92,0.733,ara h 1
692,B,546,ASP,78.93,63.12,0.628,ara h 1
694,B,548,ASP,73.0,47.54,0.473,ara h 1
698,B,552,ASP,69.29,54.98,0.547,ara h 1
701,B,555,GLU,135.99,127.59,0.965,ara h 1
706,B,560,ASP,69.12,58.13,0.579,ara h 1
714,B,568,GLU,79.01,60.97,0.461,ara h 1
717,B,571,GLU,83.3,76.96,0.582,ara h 1
725,B,579,GLU,98.19,95.38,0.722,ara h 1
12,A,15,GLU,75.77,75.63,0.572,crth
29,A,32,ASP,77.68,67.84,0.675,crth
46,A,49,GLU,30.9,29.09,0.22,crth
74,A,77,ASP,0.39,0.39,0.004,crth
95,A,98,GLU,67.18,41.03,0.31,crth
125,A,128,ASP,17.55,11.73,0.117,crth
168,A,171,ASP,9.33,9.16,0.091,crth
174,A,177,ASP,14.31,8.75,0.087,crth
191,A,194,ASP,86.25,80.5,0.801,crth
193,A,196,ASP,88.72,82.77,0.824,crth
235,A,901,ASP,69.62,63.77,0.635,crth
245,A,1005,GLU,186.13,106.9,0.809,crth
277,A,269,GLU,4.18,4.18,0.032,crth
318,A,310,ASP,28.86,28.86,0.287,crth
332,A,324,GLU,102.83,100.2,0.758,crth
337,A,329,ASP,103.97,55.06,0.548,crth
338,A,330,ASP,126.99,53.85,0.536,crth
